{
  "RawNet3 (Baseline)": {
    "origin": {
      "real": 0.8297872340425532,
      "fake": 0.8241134751773049,
      "f1": 0.8264580369843528
    },
    "ood": {
      "real": 0.825,
      "fake": 0.9955,
      "f1": 0.9173001612531675
    },
    "attack_time": {
      "real": 0.030395136778115502,
      "fake": 0.12401215805471125,
      "f1": 0.11846689895470383
    },
    "attack_freq": {
      "real": 0.052279635258358666,
      "fake": 0.22492401215805471,
      "f1": 0.20705092333519864
    }
  },
  "RawNet3 + RandAug": {
    "origin": {
      "real": 0.7671732522796353,
      "fake": 0.8095238095238095,
      "f1": 0.7927373747395575
    },
    "ood": {
      "real": 0.7595,
      "fake": 0.9875,
      "f1": 0.8864452423698385
    },
    "attack_time": {
      "real": 0.0012158054711246201,
      "fake": 0.1519756838905775,
      "f1": 0.14132278123233466
    },
    "attack_freq": {
      "real": 0.02917933130699088,
      "fake": 0.11266464032421479,
      "f1": 0.10815016533748298
    }
  },
  "RawNet3 + RandAug + F-SAT": {
    "origin": {
      "real": 0.7874366767983789,
      "fake": 0.8220871327254305,
      "f1": 0.8080868439398466
    },
    "ood": {
      "real": 0.778,
      "fake": 0.996,
      "f1": 0.8981064021641119
    },
    "attack_time": {
      "real": 0.0010131712259371835,
      "fake": 0.16656534954407295,
      "f1": 0.15383175821091044
    },
    "attack_freq": {
      "real": 0.019858156028368795,
      "fake": 0.1475177304964539,
      "f1": 0.13866666666666666
    }
  }
}