{
  "RawNet3 (Baseline)": {
    "origin": {
      "real": 0.787031408308004,
      "fake": 0.8451874366767984,
      "f1": 0.8213055035935808
    },
    "ood": {
      "real": 0.787,
      "fake": 0.998,
      "f1": 0.9027589326096789
    },
    "attack_time": {
      "real": 0.019452887537993922,
      "fake": 0.21580547112462006,
      "f1": 0.19651259341267643
    },
    "attack_freq": {
      "real": 0.012563323201621074,
      "fake": 0.04984802431610942,
      "f1": 0.04893574696638154
    }
  },
  "RawNet3 + RandAug": {
    "origin": {
      "real": 0.9949341438703141,
      "fake": 0.34123606889564334,
      "f1": 0.5069235400361228
    },
    "ood": {
      "real": 0.9955,
      "fake": 0.7605,
      "f1": 0.861756373937677
    },
    "attack_time": {
      "real": 0.45572441742654507,
      "fake": 0.05835866261398176,
      "f1": 0.07282842331521051
    },
    "attack_freq": {
      "real": 0.009929078014184398,
      "fake": 0.03059777102330294,
      "f1": 0.030284797432811872
    }
  },
  "RawNet3 + RandAug + F-SAT": {
    "origin": {
      "real": 0.9517730496453901,
      "fake": 0.577304964539007,
      "f1": 0.7102966841186736
    },
    "ood": {
      "real": 0.9495,
      "fake": 0.95,
      "f1": 0.94976255936016
    },
    "attack_time": {
      "real": 0.8980749746707194,
      "fake": 0.2105369807497467,
      "f1": 0.32082754361587157
    },
    "attack_freq": {
      "real": 0.20202634245187437,
      "fake": 0.0873353596757852,
      "f1": 0.09264832330180567
    }
  }
}